{"cameraMode":{"drawMode":0,"name":"Shaded","section":"Shading Mode"},"sceneLighting":true,"audioPlay":false,"sceneViewState":{"showFog":true,"showMaterialUpdate":false,"showSkybox":true,"showFlares":true,"showImageEffects":true,"showParticleSystems":true},"in2DMode":false,"pivot":{"x":-17.5,"y":0.6799999475479126,"z":2.510000228881836},"rotation":{"x":-0.4945555329322815,"y":-0.03596419841051102,"z":0.020487790927290918,"w":-0.8681643009185791},"size":13.548888206481934,"orthographic":false}